_id	errorCode	errorMessage	priority	imageUrl	buttons	isActive	message.en.title	message.en.subTitle	message.id.title	message.id.subTitle	message.en.eventLabel	message.id.eventLabel
655b1c5c943418707fa50fc8	BOOKING_UNCOMPLETED_PARAMETER_DATA	*	1	https://s-light.tiket.photos/t/01E25EBZS3W0FY9GTG6C42E1SE/original/test-discovery/2023/08/21/175148db-1716-400c-b654-1e7f617a8150-1692611954586-69248c881145899802192079917746c1.png	[{'text': {'id': 'Reload', 'en': 'Reload'}, 'link': '', 'scrollTo': '', 'style': 'PRIMARY', 'type': 'bookingFormPage', 'eventLabel': 'bookingUncompletedParameterData'}]	TRUE	Sorry, there is a problem	Just relax, we are working to solve it as quickly as possible. Please try again later.	Maaf ya, ada sedikit gangguan	Tenang, kami sedang beraksi mengatasi gangguan ini. Coba lagi nanti ya.	bookingUncompletedParameterData	bookingUncompletedParameterData
655b1c5c943418707fa50fba	DOUBLE_BOOKING_ERROR	*	1	https://s-light.tiket.photos/t/01E25EBZS3W0FY9GTG6C42E1SE/rsfit00gsmenlarge1/string/2024/03/27/b4b3f50b-6490-4777-8a22-9dc93a6d5d29-1711524754485-b51e58892833b431f0fc46de9d265327.png	[{'text': {'id': 'Kelola pesanan', 'en': 'Manage orders'}, 'link': '', 'scrollTo': '', 'style': 'SECONDARY', 'type': 'orderPage', 'eventLabel': 'Double Booking'}, {'text': {'id': 'Lanjut ke pembayaran', 'en': 'Continue to payment'}, 'link': '', 'scrollTo': '', 'style': 'PRIMARY', 'type': 'paymentPage', 'eventLabel': 'Double Booking'}]	TRUE	Other similar orders are still waiting	Pay the previous order or continue with this one. If you continue with this order, the previous one will be canceled.	Masih ada pesanan yang serupa, nih	Bayar pesanan sebelumnya atau lanjut bayar pesanan ini. Kalau lanjut bayar pesanan ini, pesanan sebelumnya akan dibatalkan.	Double Booking	Double Booking
655b1c5c943418707fa50fbb	B2B_LOGIN_NEEDED	*	1	https://s-light.tiket.photos/t/01E25EBZS3W0FY9GTG6C42E1SE/original/transport/2022/04/18/c28b34f6-cd6d-40ca-967e-567ba7f3220c-1650260725021-435ae18246a587b7c421fd55fc527469.png	[{'text': {'id': 'Ubah email', 'en': 'Change the email'}, 'link': '', 'scrollTo': '', 'style': 'SECONDARY', 'type': 'bookingFormPage', 'eventLabel': 'b2bLoginNeededEmailChange'}, {'text': {'id': 'Log In', 'en': 'Log In'}, 'link': '', 'scrollTo': '', 'style': 'PRIMARY', 'type': 'loginPage', 'eventLabel': 'b2bLoginNeeded'}]	TRUE	Your email is already registered. Let’s Log In!	The email address you entered in the Contact Details is already registered as a corporate account. Log in now to continue your booking as a corporate account.	Email sudah terdaftar. Log in, yuk!	Alamat email yang kamu masukkan di Detail Pemesan sudah terdaftar sebagai akun perusahaan. Ayo login sekarang untuk lanjut memesan sebagai akun perusahaan.	b2bLoginNeeded	b2bLoginNeeded
655b1c5c943418707fa50fb1	BOOKING_INTEGRATOR_MEALS_NOT_AVAILABLE	*	1	https://s-light.tiket.photos/t/01E25EBZS3W0FY9GTG6C42E1SE/original/si/2021/11/29/6c020c2b-e33e-43f7-8753-874b2a209c48-1638203899732-d74f7afa4d05cb6a1b5d0bbc120a047d.png	[{'text': {'en': 'OK, Got It', 'id': 'OK mengerti'}, 'link': '', 'scrollTo': '', 'style': 'PRIMARY', 'type': 'stayDisableMeals', 'eventLabel': 'mealsNotAvailable'}]	TRUE	Order food online is unavailable	The price has been changed back to the price before food order.	Pemesanan makanan online tidak tersedia	Harga diubah kembali ke harga sebelum pemesanan makanan.	mealsNotAvailable	mealsNotAvailable
655b1c5c943418707fa50fc3	NAMING_RULE_NAME_ONE_CHARACTER	*	1	https://s-light.tiket.photos/t/01E25EBZS3W0FY9GTG6C42E1SE/rsfit00gsmenlarge1/string/2024/03/27/04f378f0-bd64-4c64-a9de-117bd43e4365-1711525156753-c0e422d8bda47d85d66f246610bf5e2d.png	[{'text': {'id': 'Ubah Nama', 'en': 'Edit Name'}, 'link': '', 'scrollTo': '', 'style': 'PRIMARY', 'type': 'bookingFormPage', 'eventLabel': 'nameOneCharacter'}]	TRUE	The passenger name is too short	You cannot continue to payment because the name is too short. Change the passenger name to continue.	Nama penumpang terlalu pendek	Kamu nggak bisa lanjut ke pembayaran karena nama penumpang terlalu pendek. Ubah nama penumpang untuk lanjut.	nameOneCharacter	nameOneCharacter
655b1c5c943418707fa50fbf	VALIDATION_PASSENGERIDENTITY_NUMBER_IS_DUPLICATE	*	1	https://s-light.tiket.photos/t/01E25EBZS3W0FY9GTG6C42E1SE/original/transport/2022/04/18/95b300a5-f127-4863-ae7a-17d8bf89ae8c-1650260678886-c01706ba9a9593915f7f11700d576f0c.png	[{'text': {'id': 'OK mengerti', 'en': 'OK, Got It'}, 'link': '', 'scrollTo': '', 'style': 'PRIMARY', 'type': 'bookingFormPage', 'eventLabel': 'duplicateNIK'}]	TRUE	Re-check the passengers' NIK	Make sure every passenger has a different NIK before proceeding to payment.	Cek kembali NIK penumpang	Pastikan setiap penumpang memiliki NIK berbeda sebelum lanjut ke pembayaran.	duplicateNIK	duplicateNIK
655b1c5c943418707fa50fbd	BOOKING_INTEGRATOR_SEAT_NOT_AVAILABLE	*	1	https://s-light.tiket.photos/t/01E25EBZS3W0FY9GTG6C42E1SE/original/si/2021/11/29/6fac0177-1050-4182-9063-c2699daa0665-1638203903580-dd10252d3046b59af5a98b251d5237a6.png	[{'text': {'en': 'OK, Got It', 'id': 'OK mengerti'}, 'link': '', 'scrollTo': '', 'style': 'PRIMARY', 'type': 'stayDisableSeat', 'eventLabel': 'seatNotAvailable'}]	TRUE	Failed to save your seat selection	There’s an error from the airline. Relax, you can still select seats at the airport check-in counter.	Gagal menyimpan pilihan kursimu nih	Ada gangguan dari pihak maskapai. Tenang, kamu tetap bisa memilih kursi saat check-in di bandara.	seatNotAvailable	seatNotAvailable
655b1c5c943418707fa50fc6	BOOKING_INTEGRATOR_INVALID_BAGGAGE	*	1	https://s-light.tiket.photos/t/01E25EBZS3W0FY9GTG6C42E1SE/original/test-discovery/2023/[…]17a8150-1692611954586-69248c881145899802192079917746c1.png	[{'text': {'id': 'Reload', 'en': 'Reload'}, 'link': '', 'scrollTo': '', 'style': 'PRIMARY', 'type': 'bookingFormPage', 'eventLabel': 'bookingIntergratorInvalidBaggage'}]	TRUE	Sorry, there is a problem	Just relax, we are working to solve it as quickly as possible. Please try again later.	Maaf ya, ada sedikit gangguan	Tenang, kami sedang beraksi mengatasi gangguan ini. Coba lagi nanti ya.	bookingIntergratorInvalidBaggage	bookingIntergratorInvalidBaggage
655b1c5c943418707fa50fb2	BOOKING_INTEGRATOR_BAGGAGE_NOT_AVAILABLE	*	1	https://s-light.tiket.photos/t/01E25EBZS3W0FY9GTG6C42E1SE/original/si/2021/11/29/ec9aded4-4603-4518-9982-abf2859e69c7-1638203890441-ac380b3e6291095158bee50d38bd94e2.png	[{'text': {'en': 'OK, Got It', 'id': 'OK mengerti'}, 'link': '', 'scrollTo': '', 'style': 'PRIMARY', 'type': 'stayDisableBaggage', 'eventLabel': 'baggageNotAvailable'}]	TRUE	Additional baggage is unavailable	The price has been changed back to the price before baggage addition. You can still add baggage upon check-in at the airport.	Penambahan bagasi tidak tersedia	Harga diubah kembali ke harga sebelum penambahan bagasi. Kamu tetap bisa tambah bagasi saat check-in di bandara.	baggageNotAvailable	baggageNotAvailable
655b1c5c943418707fa50fae	PRICE_CHANGE_AIRLINES_DOWN	*	1	https://s-light.tiket.photos/t/01E25EBZS3W0FY9GTG6C42E1SE/rsfit00gsmenlarge1/string/2024/03/27/e9b32d98-6445-4893-b447-cc3b510f7f20-1711524542444-9d73a79970b3ab54400d37a423573f03.png	[{'text': {'id': 'OK, Mengerti', 'en': 'OK, Got It'}, 'link': '', 'scrollTo': '', 'style': 'PRIMARY', 'type': 'paymentPage', 'eventLabel': 'priceChangeAirlinesDown'}]	TRUE	Yay, the ticket price is more affordable!	Woo-hoo! Your ticket price has dropped from %s to %s according to airline policy.	Mantap, harga tiket pesawat jadi lebih hemat!	Hore! Harga tiketmu turun dari %s menjadi %s sesuai kebijakan maskapai penerbangan.	priceChangeAirlinesDown	priceChangeAirlinesDown
655b1c5c943418707fa50fad	PRICE_CHANGE_ADDONS	*	3	https://s-light.tiket.photos/t/01E25EBZS3W0FY9GTG6C42E1SE/original/si/2021/11/29/4aab2b48-b1d3-4cec-8060-6d6aedd356d1-1638203901880-11891ab247291827239d4cab7d56bacd.png	[{'text': {'id': 'OK, Mengerti', 'en': 'OK, Got It'}, 'link': '', 'scrollTo': '', 'style': 'PRIMARY', 'type': 'paymentPage', 'eventLabel': 'priceChangeAddons'}]	TRUE	The travel add-ons price has changed	The total payment has changed from %s, to %s. Check the price details before you pay.	Ada perubahan harga fasilitas tambahan	Total pembayaran telah berubah dari %s menjadi %s. Cek dulu detail harganya sebelum lanjut bayar ya.	priceChangeAddons	priceChangeAddons
655b1c5c943418707fa50fc9	BOOKING_CREATE_ORDER_FAILED	*	1	https://s-light.tiket.photos/t/01E25EBZS3W0FY9GTG6C42E1SE/original/test-discovery/2023/08/21/175148db-1716-400c-b654-1e7f617a8150-1692611954586-69248c881145899802192079917746c1.png	[{'text': {'id': 'Reload', 'en': 'Reload'}, 'link': '', 'scrollTo': '', 'style': 'PRIMARY', 'type': 'bookingFormPage', 'eventLabel': 'bookingCreateOrderFailed'}]	TRUE	Sorry, there is a problem	Just relax, we are working to solve it as quickly as possible. Please try again later.	Maaf ya, ada sedikit gangguan	Tenang, kami sedang beraksi mengatasi gangguan ini. Coba lagi nanti ya.	bookingCreateOrderFailed	bookingCreateOrderFailed
655b1c5c943418707fa50fbc	BOOKING_FLOODING_VALIDATION	*	1	https://s-light.tiket.photos/t/01E25EBZS3W0FY9GTG6C42E1SE/rsfit00gsmenlarge1/string/2024/03/27/b8c92152-868a-454c-b3f5-f8264cdf10e3-1711525463736-78c0658eba62e199a751d44fda754f38.png	[{'text': {'id': 'Refresh', 'en': 'Refresh'}, 'link': '', 'scrollTo': '', 'style': 'PRIMARY', 'type': 'bookingFormPage', 'eventLabel': 'floodingKey'}]	TRUE	Please wait a moment	You are still in line for the order process. Refresh to see your booking process.	Tunggu sebentar, ya	Kamu masih dalam antrean untuk diproses pemesanannya. Refresh untuk lihat proses pemesananmu.	floodingKey	floodingKey
655b1c5c943418707fa50fb5	FLIGHT_CART_FAILED	*	1	https://s-light.tiket.photos/t/01E25EBZS3W0FY9GTG6C42E1SE/original/si/2021/11/29/c7aaba29-ca8c-4220-a526-ff9b70b5cf2d-1638203899235-d592fe55434e3f5e3aa86626d0e04c5c.png	[{'text': {'en': 'Find Other Flights', 'id': 'Temukan Penerbangan Lainnya'}, 'link': '', 'scrollTo': '', 'style': 'PRIMARY', 'type': 'searchResultPage', 'eventLabel': 'cartNotExist'}]	TRUE	Let's check other flights	The airline is currently not responding or there is a problem. You can search for other flights on the date you have selected.	Cari penerbangan lain yuk	Maskapai sedang tidak merespon atau ada gangguan. Kamu bisa cari penerbangan lain pada tanggal yang kamu mau.	cartNotExist	cartNotExist
655b1c5c943418707fa50fb7	BOOKING_ORDER_CORE_FAILED	*	1	https://s-light.tiket.photos/t/01E25EBZS3W0FY9GTG6C42E1SE/original/si/2021/11/29/4aab2b48-b1d3-4cec-8060-6d6aedd356d1-1638203901880-11891ab247291827239d4cab7d56bacd.png	[{'text': {'id': 'Reload', 'en': 'Reload'}, 'link': '', 'scrollTo': '', 'style': 'PRIMARY', 'type': 'bookingFormPage', 'eventLabel': 'bookingOrderCoreFailed'}]	TRUE	Sorry, there is a problem	Just relax, we are working to solve it as quickly as possible. Please try again later.	Maaf ya, ada sedikit gangguan	Tenang, kami sedang beraksi mengatasi gangguan ini. Coba lagi nanti ya.	bookingOrderCoreFailed	bookingOrderCoreFailed
655b1c5c943418707fa50fb3	BOOKING_FLOODING_KEY_INVALID	*	1	https://s-light.tiket.photos/t/01E25EBZS3W0FY9GTG6C42E1SE/original/si/2021/11/29/624b0ae4-ef48-4360-963b-3cf99edd143f-1638203895913-f6b3b8e22899f9a81411a57a6df594bd.png	[{'text': {'en': 'OK, Got It', 'id': 'OK mengerti'}, 'link': '', 'scrollTo': '', 'style': 'PRIMARY', 'type': 'bookingFormPage', 'eventLabel': 'floodingKeyInvalid'}]	TRUE	Please wait a moment	You are still in line for the order process.	Tunggu sebentar, ya	Kamu masih dalam antrean proses pemesanan.	floodingKeyInvalid	floodingKeyInvalid
655b1c5c943418707fa50fc5	BAGGAGE_REQUEST_NOT_EQUAL_SIZE	*	1	https://s-light.tiket.photos/t/01E25EBZS3W0FY9GTG6C42E1SE/original/test-discovery/2023/08/21/175148db-1716-400c-b654-1e7f617a8150-1692611954586-69248c881145899802192079917746c1.png	[{'text': {'id': 'Reload', 'en': 'Reload'}, 'link': '', 'scrollTo': '', 'style': 'PRIMARY', 'type': 'bookingFormPage', 'eventLabel': 'baggageRequestNotEqualSize'}]	TRUE	Sorry, there is a problem	Just relax, we are working to solve it as quickly as possible. Please try again later.	Maaf ya, ada sedikit gangguan	Tenang, kami sedang beraksi mengatasi gangguan ini. Coba lagi nanti ya.	baggageRequestNotEqualSize	baggageRequestNotEqualSize
655b1c5c943418707fa50fa3	ERROR_DEFAULT	*	1		[{'text': {'en': 'Reload', 'id': 'Reload'}, 'link': '', 'scrollTo': '', 'style': 'PRIMARY', 'type': 'bookingFormPage', 'eventLabel': 'general'}]	TRUE	Sorry, there is a problem	Just relax, we are working to solve it as quickly as possible. Please try again later.	Maaf ya, ada sedikit gangguan	Tenang, kami sedang beraksi mengatasi gangguan ini. Coba lagi nanti ya.	general	general
655b1c5c943418707fa50fc0	VALIDATION_PASSENGER_NAME_IS_DUPLICATE	*	1	https://s-light.tiket.photos/t/01E25EBZS3W0FY9GTG6C42E1SE/rsfit00gsmenlarge1/string/2024/03/27/39cb23c3-f31c-4154-b5ac-daad09b8ce4b-1711524814965-40d9009c1dc54e9605ab7e6c25a3bf51.png	[{'text': {'id': 'Ubah nama', 'en': 'Change name'}, 'link': '', 'scrollTo': '', 'style': 'PRIMARY', 'type': 'bookingFormPage', 'eventLabel': 'duplicateName'}]	TRUE	There are identical names	You cannot continue to payment because there is a duplicate name. Change the passenger name to continue.	Ada nama yang sama persis	Kamu nggak bisa lanjut ke pembayaran karena ada nama yang sama. Ubah nama penumpang untuk lanjut.	duplicateName	duplicateName
655b1c5c943418707fa50faf	PRICE_CHANGE_AIRLINES_UP	*	1	https://s-light.tiket.photos/t/01E25EBZS3W0FY9GTG6C42E1SE/rsfit00gsmenlarge1/string/2024/03/27/5c99c8f6-be24-4323-bf2b-365bd393bd1a-1711524627917-2185bb43f873a151950194e0b3ea096f.png	[{'text': {'id': 'OK, Mengerti', 'en': 'OK, Got It'}, 'link': '', 'scrollTo': '', 'style': 'PRIMARY', 'type': 'paymentPage', 'eventLabel': 'priceChangeAirlinesUp'}]	TRUE	The ticket price has changed	Your ticket price has increased from %s to %s according to airline policy.	Harga tiket pesawat berubah	Harga tiketmu naik dari %s menjadi %s sesuai kebijakan maskapai penerbangan.  	priceChangeAirlinesUp	priceChangeAirlinesUp
655b1c5c943418707fa50fce	PRICE_CHANGE_ADJUSTMENT	*	3	https://s-light.tiket.photos/t/01E25EBZS3W0FY9GTG6C42E1SE/original/si/2021/11/29/4aab2b48-b1d3-4cec-8060-6d6aedd356d1-1638203901880-11891ab247291827239d4cab7d56bacd.png	[{'text': {'id': 'OK, Mengerti', 'en': 'OK, Got It'}, 'link': '', 'scrollTo': '', 'style': 'PRIMARY', 'type': 'paymentPage', 'eventLabel': 'priceChangeAdjustment'}]	TRUE	The price has changed	Promo has been fully redeemed. The total payment has changed from %s to %s. Check the price details before you pay.	Ada perubahan harga	Total pembayaran berubah dari %s menjadi %s karena kuota promo habis. Cek dulu detail harganya sebelum lanjut bayar ya.	priceChangeAdjustment	priceChangeAdjustment
655b1c5c943418707fa50fb9	BOOKING_ORDER_CREATE_ORDER_FAILED	*	1	https://s-light.tiket.photos/t/01E25EBZS3W0FY9GTG6C42E1SE/original/test-discovery/2023/08/21/175148db-1716-400c-b654-1e7f617a8150-1692611954586-69248c881145899802192079917746c1.png	[{'text': {'id': 'Reload', 'en': 'Reload'}, 'link': '', 'scrollTo': '', 'style': 'PRIMARY', 'type': 'bookingFormPage', 'eventLabel': 'bookingOrderCreateOrderFailed'}]	TRUE	Sorry, there is a problem	Just relax, we are working to solve it as quickly as possible. Please try again later.	Maaf ya, ada sedikit gangguan	Tenang, kami sedang beraksi mengatasi gangguan ini. Coba lagi nanti ya.	bookingOrderCreateOrderFailed	bookingOrderCreateOrderFailed
655b1c5c943418707fa50fcb	BOOKING_FAILED	*	1	https://s-light.tiket.photos/t/01E25EBZS3W0FY9GTG6C42E1SE/original/test-discovery/2023/08/21/175148db-1716-400c-b654-1e7f617a8150-1692611954586-69248c881145899802192079917746c1.png	[{'text': {'id': 'Reload', 'en': 'Reload'}, 'link': '', 'scrollTo': '', 'style': 'PRIMARY', 'type': 'bookingFormPage', 'eventLabel': 'bookingFailed'}]	TRUE	Sorry, there is a problem	Just relax, we are working to solve it as quickly as possible. Please try again later.	Maaf ya, ada sedikit gangguan	Tenang, kami sedang beraksi mengatasi gangguan ini. Coba lagi nanti ya.	bookingFailed	bookingFailed
655b1c5c943418707fa50fac	PRICE_CHANGE_ADDONS_UP	*	2	https://s-light.tiket.photos/t/01E25EBZS3W0FY9GTG6C42E1SE/rsfit00gsmenlarge1/string/2024/03/27/f68cb4d2-b18c-40e3-a6ff-54e50ba2458c-1711524474993-5353bae9a2805a6e745410ed1304db29.png	[{'text': {'id': 'OK, Mengerti', 'en': 'OK, Got It'}, 'link': '', 'scrollTo': '', 'style': 'PRIMARY', 'type': 'paymentPage', 'eventLabel': 'priceChangeAddonsUp'}]	TRUE	The add-ons price has changed	Your selected add-ons price has increased from %s to %s according to airline policy.	Harga fasilitas ekstra berubah	Harga fasilitas ekstra pilihanmu naik dari %s menjadi %s sesuai kebijakan maskapai penerbangan.	priceChangeAddonsUp	priceChangeAddonsUp
655b1c5c943418707fa50fab	PRICE_CHANGE_ADDONS_DOWN	*	2	https://s-light.tiket.photos/t/01E25EBZS3W0FY9GTG6C42E1SE/rsfit00gsmenlarge1/string/2024/03/27/5f3e5843-b5b1-4bcb-bf0b-04da23f12b9e-1711524393668-04d5e4b30e82ba72946a98a6eb5a5f78.png	[{'text': {'id': 'OK, Mengerti', 'en': 'OK, Got It'}, 'link': '', 'scrollTo': '', 'style': 'PRIMARY', 'type': 'paymentPage', 'eventLabel': 'priceChangeAddonsDown'}]	TRUE	Yay, the add-ons price is more affordable!	Woo-hoo! Your add-ons price has dropped from %s to %s according to airline policies.	Mantap, harga fasilitas ekstra jadi lebih hemat!	Hore! Harga fasilitas ekstra pilihanmu turun dari %s menjadi %s sesuai kebijakan maskapai penerbangan.	priceChangeAddonsDown	priceChangeAddonsDown
655b1c5c943418707fa50fed	RUNTIME_ERROR	*	1	https://s-light.tiket.photos/t/01E25EBZS3W0FY9GTG6C42E1SE/original/test-discovery/2023/08/21/175148db-1716-400c-b654-1e7f617a8150-1692611954586-69248c881145899802192079917746c1.png	[{'text': {'id': 'Reload', 'en': 'Reload'}, 'link': '', 'scrollTo': '', 'style': 'PRIMARY', 'type': 'bookingFormPage', 'eventLabel': 'runtimeError'}]	TRUE	Sorry, there is a problem	Just relax, we are working to solve it as quickly as possible. Please try again later.	Maaf ya, ada sedikit gangguan	Tenang, kami sedang beraksi mengatasi gangguan ini. Coba lagi nanti ya.	runtimeError	runtimeError
655b1c5c943418707fa50fc2	VALIDATION_INFANT_MORE_THAN_ADULT	*	1	https://s-light.tiket.photos/t/01E25EBZS3W0FY9GTG6C42E1SE/rsfit00gsmenlarge1/string/2024/03/27/76ffb8b1-70a7-449a-86de-d7aeb4e4d00e-1711525031307-848e36c242cdd7f026d2522b0cb8788c.png	[{'text': {'id': 'Ubah penumpang', 'en': 'Edit passenger'}, 'link': '', 'scrollTo': '', 'style': 'PRIMARY', 'type': 'bookingFormPage', 'eventLabel': 'infantMoreThanAdult'}]	TRUE	There are more infants than adults	Each infant traveler must be accompanied by at least one adult passenger.	Jumlah bayi melebihi penumpang dewasa	Setiap penumpang bayi harus didampingi oleh setidaknya satu penumpang dewasa.	infantMoreThanAdult	infantMoreThanAdult
655b1c5c943418707fa50fcf	PRICE_CHANGE_AIRLINES	*	1	https://s-light.tiket.photos/t/01E25EBZS3W0FY9GTG6C42E1SE/original/si/2021/11/29/4aab2b48-b1d3-4cec-8060-6d6aedd356d1-1638203901880-11891ab247291827239d4cab7d56bacd.png	[{'text': {'en': 'OK, Got It', 'id': 'OK, Mengerti'}, 'link': '', 'scrollTo': '', 'style': 'PRIMARY', 'type': 'paymentPage', 'eventLabel': 'priceChangeAirlines'}]	TRUE	The price has changed	The total payment has been changed from %s to %s by the airline. Check the price details before you pay.	Ada perubahan harga	Total pembayaran diubah dari %s menjadi %s oleh pihak maskapai. Cek dulu detail harganya sebelum lanjut bayar ya.	priceChangeAirlines	priceChangeAirlines
655b1c5c943418707fa50fa0	PRICE_CHANGE_GENERAL_UP	*	1	https://s-light.tiket.photos/t/01E25EBZS3W0FY9GTG6C42E1SE/original/si/2021/11/29/4aab2b48-b1d3-4cec-8060-6d6aedd356d1-1638203901880-11891ab247291827239d4cab7d56bacd.png	[{'text': {'en': 'OK, Got It', 'id': 'OK, Mengerti'}, 'link': '', 'scrollTo': '', 'style': 'PRIMARY', 'type': 'paymentPage', 'eventLabel': 'priceChangeGeneralUp'}]	TRUE	The price has changed	The total payment has changed from %s to %s. Check the price details before you pay.	Ada perubahan harga	Total pembayaran telah berubah dari %s menjadi %s. Cek dulu detail harganya sebelum lanjut bayar ya.	priceChangeGeneralUp	priceChangeGeneralUp
655b1c5c943418707fa50fb0	LOGIN_REQUIRED	*	1		[{'text': {'en': 'Login', 'id': 'Login'}, 'link': '', 'scrollTo': '', 'style': 'PRIMARY', 'type': 'loginPage', 'eventLabel': 'loginNeeded'}]	TRUE	Log in to continue booking	To book a ticket from this airline, you must log in first, or you can also try it on our apps!	Log in dan lanjutkan pesanan	Untuk memesan tiket pesawat ini, kamu harus log in terlebih dulu atau coba melalui aplikasi.	loginNeeded	loginNeeded
655b1c5c943418707fa50fca	NAMING_RULE_DATA_NOT_EXIST	*	1	https://s-light.tiket.photos/t/01E25EBZS3W0FY9GTG6C42E1SE/original/test-discovery/2023/08/21/175148db-1716-400c-b654-1e7f617a8150-1692611954586-69248c881145899802192079917746c1.png	[{'text': {'id': 'Reload', 'en': 'Reload'}, 'link': '', 'scrollTo': 'namingRuleDataNotExist', 'style': 'PRIMARY', 'type': 'bookingFormPage', 'eventLabel': 'general'}]	TRUE	Sorry, there is a problem	Just relax, we are working to solve it as quickly as possible. Please try again later.	Maaf ya, ada sedikit gangguan	Tenang, kami sedang beraksi mengatasi gangguan ini. Coba lagi nanti ya.	namingRuleDataNotExist	namingRuleDataNotExist
655b1c5c943418707fa50fb4	BOOKING_INTEGRATOR_NO_SEAT	*	1	https://s-light.tiket.photos/t/01E25EBZS3W0FY9GTG6C42E1SE/rsfit00gsmenlarge1/string/2024/03/27/e5ad1381-eb3f-4d2f-a495-4e60da19c288-1711525695884-2bba237e0a76fd47eaa77aae903c60f5.png	[{'text': {'id': 'Cari penerbangan lain', 'en': 'Find another flight'}, 'link': '', 'scrollTo': '', 'style': 'PRIMARY', 'type': 'searchResultPage', 'eventLabel': 'integratorNoSeat'}]	TRUE	Tickets sold out	Let's find another flight with a similar schedule!	Tiket habis terjual	Ayo, cari penerbangan lain dengan jadwal serupa!	integratorNoSeat	integratorNoSeat
655b1c5c943418707fa50fcc	CART_NOT_EXIST	*	1	https://s-light.tiket.photos/t/01E25EBZS3W0FY9GTG6C42E1SE/original/test-discovery/2023/08/21/175148db-1716-400c-b654-1e7f617a8150-1692611954586-69248c881145899802192079917746c1.png	[{'text': {'id': 'Reload', 'en': 'Reload'}, 'link': '', 'scrollTo': '', 'style': 'PRIMARY', 'type': 'bookingFormPage', 'eventLabel': 'cartNotExist'}]	TRUE	Sorry, there is a problem	Just relax, we are working to solve it as quickly as possible. Please try again later.	Maaf ya, ada sedikit gangguan	Tenang, kami sedang beraksi mengatasi gangguan ini. Coba lagi nanti ya.	cartNotExist	cartNotExist
655b1c5c943418707fa50fa1	PRICE_CHANGE_GENERAL_DOWN	*	1	https://s-light.tiket.photos/t/01E25EBZS3W0FY9GTG6C42E1SE/original/si/2021/11/29/4aab2b48-b1d3-4cec-8060-6d6aedd356d1-1638203901880-11891ab247291827239d4cab7d56bacd.png	[{'text': {'en': 'OK, Got It', 'id': 'OK, Mengerti'}, 'link': '', 'scrollTo': '', 'style': 'PRIMARY', 'type': 'paymentPage', 'eventLabel': 'priceChangeGeneralDown'}]	TRUE	The price has changed	The total payment has changed from %s to %s. Check the price details before you pay.	Ada perubahan harga	Total pembayaran telah berubah dari %s menjadi %s. Cek dulu detail harganya sebelum lanjut bayar ya.	priceChangeGeneralDown	priceChangeGeneralDown
655b1c5c943418707fa50fc4	NAMING_RULE_LAST_NAME_VALIDATION	*	1	https://s-light.tiket.photos/t/01E25EBZS3W0FY9GTG6C42E1SE/rsfit00gsmenlarge1/string/2024/03/27/d017d504-afba-4946-aa18-8a21bfd7ed1d-1711524934573-b82ed87d8cc1145323ea7f76cc79c5a8.png	[{'text': {'id': 'Oke, mengerti', 'en': 'OK, got it'}, 'link': '', 'scrollTo': '', 'style': 'PRIMARY', 'type': 'bookingFormPage', 'eventLabel': 'lastNameValidation'}]	TRUE	There is a problem with the passenger name	To continue to payment, check the passenger name again and make sure it is correct.	Ada masalah dengan nama penumpang	Untuk lanjut ke pembayaran, cek lagi nama penumpang dan pastikan sudah benar, ya!	lastNameValidation	lastNameValidation
655b1c5c943418707fa50fc1	RESELLER_INFO_DATA_NOT_EXIST	*	1	https://s-light.tiket.photos/t/01E25EBZS3W0FY9GTG6C42E1SE/original/test-discovery/2023/08/21/175148db-1716-400c-b654-1e7f617a8150-1692611954586-69248c881145899802192079917746c1.png	[{'text': {'id': 'Reload', 'en': 'Reload'}, 'link': '', 'scrollTo': '', 'style': 'PRIMARY', 'type': 'bookingFormPage', 'eventLabel': 'resellerInfoDataNotExist'}]	TRUE	Sorry, there is a problem	Just relax, we are working to solve it as quickly as possible. Please try again later.	Maaf ya, ada sedikit gangguan	Tenang, kami sedang beraksi mengatasi gangguan ini. Coba lagi nanti ya.	resellerInfoDataNotExist	resellerInfoDataNotExist
655b1c5c943418707fa50fcd	PARTIAL_SEAT_FAILED	*	1	https://s-light.tiket.photos/t/01E25EBZS3W0FY9GTG6C42E1SE/original/si/2021/11/29/4aab2b48-b1d3-4cec-8060-6d6aedd356d1-1638203901880-11891ab247291827239d4cab7d56bacd.png	[{'text': {'en': 'Continue to Payment', 'id': 'Lanjutkan ke Pembayaran'}, 'link': '', 'scrollTo': '', 'style': 'PRIMARY', 'type': 'paymentPage', 'eventLabel': 'partialSeatFailed'}]	TRUE	Your order has been updated by the airline	Some of the seats can't be added. But don't worry, the total price has been adjusted. See My Order for more details.	Pesananmu diperbarui oleh maskapai	Beberapa kursi gagal ditambahkan. Tapi tenang, harga sudah disesuaikan. Lihat My Order untuk detail lengkap.	partialSeatFailed	partialSeatFailed
655b1c5c943418707fa50faa	PRICE_CHANGE_GENERAL	*	1	https://s-light.tiket.photos/t/01E25EBZS3W0FY9GTG6C42E1SE/original/si/2021/11/29/4aab2b48-b1d3-4cec-8060-6d6aedd356d1-1638203901880-11891ab247291827239d4cab7d56bacd.png	[{'text': {'en': 'OK, Got It', 'id': 'OK, Mengerti'}, 'link': '', 'scrollTo': '', 'style': 'PRIMARY', 'type': 'paymentPage', 'eventLabel': 'priceChangeGeneral'}]	TRUE	The price has changed	The total payment has changed from %s to %s. Check the price details before you pay.	Ada perubahan harga	Total pembayaran telah berubah dari %s menjadi %s. Cek dulu detail harganya sebelum lanjut bayar ya.	priceChangeGeneral	priceChangeGeneral
655b1c5c943418707fa50fbe	BOOKING_ORDER_LIMIT_RESTRICTED	*	1	https://s-light.tiket.photos/t/01E25EBZS3W0FY9GTG6C42E1SE/rsfit00gsmenlarge1/string/2024/03/27/dcf0f847-9669-4430-b303-076094b5aa91-1711525865149-3765359e497b422a1077b1ede4523433.png	[{'text': {'id': 'Kelola pesanan', 'en': 'Manage orders'}, 'link': '', 'scrollTo': '', 'style': 'PRIMARY', 'type': 'orderPage', 'eventLabel': 'Double Booking, manageOrder'}]	TRUE	Other orders are still waiting	Pay or cancel your previous orders first.	Ada pesanan menunggu	Bayar atau batalkan pesananmu yang sebelumnya dulu, ya!	Double Booking	Double Booking
655b1c5c943418707fa50fb8	BOOKING_ORDER_UPDATE_ORDER_FAILED	*	1	https://s-light.tiket.photos/t/01E25EBZS3W0FY9GTG6C42E1SE/original/test-discovery/2023/08/21/175148db-1716-400c-b654-1e7f617a8150-1692611954586-69248c881145899802192079917746c1.png	[{'text': {'id': 'Reload', 'en': 'Reload'}, 'link': '', 'scrollTo': '', 'style': 'PRIMARY', 'type': 'bookingFormPage', 'eventLabel': 'bookingOrderUpdateOrderFailed'}]	TRUE	Sorry, there is a problem	Just relax, we are working to solve it as quickly as possible. Please try again later.	Maaf ya, ada sedikit gangguan	Tenang, kami sedang beraksi mengatasi gangguan ini. Coba lagi nanti ya.	bookingOrderUpdateOrderFailed	bookingOrderUpdateOrderFailed
655b1c5c943418707fa50fc7	FAILED_PARSING_BAGGAGE_REQUEST	*	1	https://s-light.tiket.photos/t/01E25EBZS3W0FY9GTG6C42E1SE/rsfit00gsmenlarge1/string/2024/03/27/b3331d33-0c03-4a3e-b970-2b6c82926228-1711524693193-4f02ed232e76118b22cb182cb6b69ffa.png	[{'text': {'id': 'Hapus bagasi', 'en': 'Remove baggage'}, 'link': '', 'scrollTo': '', 'style': 'PRIMARY', 'type': 'stayDisableBaggage', 'eventLabel': 'baggageParsingFailed'}]	TRUE	Cannot add extra baggage here	Please add the extra baggage at the airport.	Belum bisa tambah bagasi di sini	Silakan tambah bagasi ekstra di bandara.	baggageParsingFailed	baggageParsingFailed
655b1c5c943418707fa50fd4	NAMING_RULE_NAME_IS_TOO_LONG	*	1	https://s-light.tiket.photos/t/01E25EBZS3W0FY9GTG6C42E1SE/rsfit00gsmenlarge1/string/2024/03/27/007e6512-1bac-4ab5-8b65-c791a9b3aa3a-1711525092553-9a7e7dbf1e32295341046c95c43cc702.png	[{'text': {'id': 'Ubah nama', 'en': 'Edit name'}, 'link': '', 'scrollTo': '', 'style': 'PRIMARY', 'type': 'bookingFormPage', 'eventLabel': 'nameTooLong'}]	TRUE	The passenger name is too long	You cannot continue to payment because the name is too long. Edit the passenger name to continue.	Nama penumpang terlalu panjang	Kamu nggak bisa lanjut ke pembayaran karena nama penumpang terlalu panjang. Ubah nama penumpang untuk lanjut.	nameTooLong	nameTooLong
655b1c5c943418707fa50fa2	INCLUSIVE_BAGGAGE_CHANGE	*	1	https://s-light.tiket.photos/t/01E25EBZS3W0FY9GTG6C42E1SE/original/si/2021/11/29/ec9aded4-4603-4518-9982-abf2859e69c7-1638203890441-ac380b3e6291095158bee50d38bd94e2.png	[{'text': {'en': 'OK, Got It', 'id': 'OK, Mengerti'}, 'link': '', 'scrollTo': '', 'style': 'PRIMARY', 'type': 'paymentPage', 'eventLabel': 'inclusiveBaggage'}]	TRUE	Sorry, your baggage allowance has changed	The airline has changed your free baggage allowance. Check the latest information in flight details.	Maaf, ada perubahan pada jatah bagasimu	Jatah bagasi gratismu diubah oleh maskapai. Lihat informasi terkini di detail penerbangan.	inclusiveBaggage	inclusiveBaggage
660a3351b7d038000108b03a	ADULT_BELOW_SIXTEEN_YEARS	*	1	https://s-light.tiket.photos/t/01E25EBZS3W0FY9GTG6C42E1SE/rsfit00gsmenlarge1/string/2024/03/27/7a852750-fb9a-4399-9874-c8fe7f90695c-1711523859033-6d8eb00bc130804b72f1cea0abd9ae3f.png	[{'text': {'id': 'Ubah penumpang', 'en': 'Edit passenger'}, 'link': '', 'scrollTo': '', 'style': 'PRIMARY', 'type': 'searchResultPage', 'eventLabel': 'adultBelowSixteenYears'}]	TRUE	Children must be accompanied by adults	Children/infants must be accompanied by a passenger over 16 years old.	Anak-anak harus didampingi orang dewasa	Penumpang anak kecil/bayi harus didampingi penumpang di atas 16 tahun.	adultBelowSixteenYears	adultBelowSixteenYears
660fae1c1823fe0001e1540d	VALIDATION_ADULT_PAX_DOB_NOT_VALID	*	1	https://s-light.tiket.photos/t/01E25EBZS3W0FY9GTG6C42E1SE/rsfit00gsmenlarge1/string/2024/03/27/7a852750-fb9a-4399-9874-c8fe7f90695c-1711523859033-6d8eb00bc130804b72f1cea0abd9ae3f.png	[{'text': {'id': 'Ubah penumpang', 'en': 'Edit passenger'}, 'link': '', 'scrollTo': '', 'style': 'PRIMARY', 'type': 'searchResultPage', 'eventLabel': 'adultBelowSixteenYears'}]	TRUE	Children must be accompanied by adults	Children/infants must be accompanied by a passenger over 16 years old.	Anak-anak harus didampingi orang dewasa	Penumpang anak kecil/bayi harus didampingi penumpang di atas 16 tahun.	adultBelowSixteenYears	adultBelowSixteenYears
6622396cb180940001b5a5e6	BOOKING_TIME_OUT	*	1	https://s-light.tiket.photos/t/01E25EBZS3W0FY9GTG6C42E1SE/rsfit00gsmenlarge1/string/2024/03/27/3605eb7d-3b8e-4526-8377-4ddf674002e5-1711525804637-32eca2e0e61c8c6fe45bc9639de3e742.png	[{'text': {'id': 'Cari penerbangan lain', 'en': 'Find another flight'}, 'link': '', 'scrollTo': '', 'style': 'SECONDARY', 'type': 'searchResultPage', 'eventLabel': 'timeOut'}, {'text': {'id': 'Perpanjang waktu', 'en': 'Add more time'}, 'link': '', 'scrollTo': '', 'style': 'PRIMARY', 'type': 'bookingFormPage', 'eventLabel': 'timeOut'}]	TRUE	Booking time is up	Do you need more time to fill out the order details?	Waktu pemesanan sudah habis	Butuh tambahan waktu untuk mengisi detail pesanan ini?	timeOut	timeOut
66836ff4d9aa4000017ae739	PRICE_CHANGE_ADJUSTMENT_UP	*	2	https://s-light.tiket.photos/t/01E25EBZS3W0FY9GTG6C42E1SE/original/si/2021/11/29/4aab2b48-b1d3-4cec-8060-6d6aedd356d1-1638203901880-11891ab247291827239d4cab7d56bacd.png	[{'text': {'id': 'OK, Mengerti', 'en': 'OK, Got It'}, 'link': '', 'scrollTo': '', 'style': 'PRIMARY', 'type': 'paymentPage', 'eventLabel': 'priceChangeAdjustmentUp'}]	TRUE	The price has changed	The total payment has changed from %s to %s. Check the price details before you pay.	Ada perubahan harga	Total pembayaran telah berubah dari %s menjadi %s. Cek dulu detail harganya sebelum lanjut bayar ya.	priceChangeAdjustmentUp	priceChangeAdjustmentUp
6683704fd9aa4000017ae73a	PRICE_CHANGE_ADJUSTMENT_DOWN	*	2	https://s-light.tiket.photos/t/01E25EBZS3W0FY9GTG6C42E1SE/original/si/2021/11/29/4aab2b48-b1d3-4cec-8060-6d6aedd356d1-1638203901880-11891ab247291827239d4cab7d56bacd.png	[{'text': {'id': 'OK, Mengerti', 'en': 'OK, Got It'}, 'link': '', 'scrollTo': '', 'style': 'PRIMARY', 'type': 'paymentPage', 'eventLabel': 'priceChangeAdjustmentDown'}]	TRUE	The price has changed	The total payment has changed from %s to %s. Check the price details before you pay.	Ada perubahan harga	Total pembayaran telah berubah dari %s menjadi %s. Cek dulu detail harganya sebelum lanjut bayar ya.	priceChangeAdjustmentDown	priceChangeAdjustmentDown
66d016804049db0001592cca	BOOKING_INTEGRATOR_FAILED	*	1	https://s-light.tiket.photos/t/01E25EBZS3W0FY9GTG6C42E1SE/original/si/2021/11/29/16bab5ca-5355-4381-92f7-d280cfa9c49e-1638203900966-f63080e28dcd12acbf58a09133d4f812.png	[{'text': {'id': 'Cari penerbangan lain', 'en': 'Search other flights'}, 'link': '', 'scrollTo': '', 'style': 'SECONDARY', 'type': 'searchResultPage', 'eventLabel': 'integratorFailed'}, {'text': {'id': 'Coba lagi', 'en': 'Try again'}, 'link': '', 'scrollTo': '', 'style': 'PRIMARY', 'type': 'submitBooking', 'eventLabel': 'integratorFailed'}]	TRUE	Still can't connect with the airline	Please try again to continue your ticket booking to the payment process.	Belum berhasil terhubung dengan maskapai	Silakan coba lagi untuk melanjutkan pemesanan tiketmu ke proses pembayaran.	integratorFailed	integratorFailed
67a46e75fb696700013a085f	NO_SEAT	*	1	https://s-light.tiket.photos/t/01E25EBZS3W0FY9GTG6C42E1SE/rsfit00gsmenlarge1/string/2024/03/27/e5ad1381-eb3f-4d2f-a495-4e60da19c288-1711525695884-2bba237e0a76fd47eaa77aae903c60f5.png	[{'text': {'id': 'Cari penerbangan lain', 'en': 'Find another flight'}, 'link': '', 'scrollTo': '', 'style': 'PRIMARY', 'type': 'searchResultPage', 'eventLabel': 'noSeat'}]	TRUE	Tickets sold out	Let's find another flight with a similar schedule!	Tiket habis terjual	Ayo, cari penerbangan lain dengan jadwal serupa!	noSeat	noSeat
67e25b9231095c000111c40c	FORM_VALIDATOR_ERROR	*	1	https://s-light.tiket.photos/t/01E25EBZS3W0FY9GTG6C42E1SE/rsfit00gsmenlarge1/string/2024/03/27/d017d504-afba-4946-aa18-8a21bfd7ed1d-1711524934573-b82ed87d8cc1145323ea7f76cc79c5a8.png	[{'text': {'id': 'Oke, mengerti', 'en': 'OK, got it'}, 'link': '', 'scrollTo': '', 'style': 'PRIMARY', 'type': 'bookingFormPage', 'eventLabel': 'formValidatorError'}]	TRUE	There is a problem with the passenger data	To continue to payment, check the passenger form again and make sure it is correct.	Ada masalah dengan data penumpang	Untuk lanjut ke pembayaran, cek lagi form penumpang dan pastikan sudah benar, ya!	formValidatorError	formValidatorError
681d82462c4b0d00016c56a9	FAILED_RESCHEDULE_REQUEST	*	1	https://s-light.tiket.photos/t/01E25EBZS3W0FY9GTG6C42E1SE/original/si/2021/11/29/4aab2b48-b1d3-4cec-8060-6d6aedd356d1-1638203901880-11891ab247291827239d4cab7d56bacd.png	[{'text': {'id': 'Try Again', 'en': 'Coba Lagi'}, 'link': '', 'scrollTo': '', 'style': 'PRIMARY', 'type': 'orderPage', 'eventLabel': 'rescheduleError'}, {'text': {'id': 'Hubungi Customer Care', 'en': 'Contact Customer Care'}, 'link': 'https://www.tiket.com/help-center/contact-us', 'scrollTo': '', 'style': 'SECONDARY', 'type': '', 'eventLabel': 'rescheduleError'}]	TRUE	Sorry, there is a problem	Just relax, we are working to solve it as quickly as possible. Please try again later.	Maaf ya, ada sedikit gangguan	Tenang, kami sedang beraksi mengatasi gangguan ini. Coba lagi nanti ya.	failedRescheduleRequest	failedRescheduleRequest
6825a6fcb56bad0001125789	FAILED_RESCHEDULE_UNAPPLY	*	1	https://s-light.tiket.photos/t/01E25EBZS3W0FY9GTG6C42E1SE/original/si/2021/11/29/4aab2b48-b1d3-4cec-8060-6d6aedd356d1-1638203901880-11891ab247291827239d4cab7d56bacd.png	[{'text': {'id': 'Try Again', 'en': 'Coba Lagi'}, 'link': '', 'scrollTo': '', 'style': 'PRIMARY', 'type': 'orderPage', 'eventLabel': 'rescheduleError'}, {'text': {'id': 'Hubungi Customer Care', 'en': 'Contact Customer Care'}, 'link': 'https://www.tiket.com/help-center/contact-us', 'scrollTo': '', 'style': 'SECONDARY', 'type': '', 'eventLabel': 'rescheduleError'}]	TRUE	Sorry, there is a problem	Just relax, we are working to solve it as quickly as possible. Please try again later.	Maaf ya, ada sedikit gangguan	Tenang, kami sedang beraksi mengatasi gangguan ini. Coba lagi nanti ya.	failedRescheduleUnapply	failedRescheduleUnapply
683427c5e67a600001d61a8d	FLIGHT_RESCHEDULE_CART_FAILED	*	1	https://s-light.tiket.photos/t/01E25EBZS3W0FY9GTG6C42E1SE/original/si/2021/11/29/c7aaba29-ca8c-4220-a526-ff9b70b5cf2d-1638203899235-d592fe55434e3f5e3aa86626d0e04c5c.png	[{'text': {'id': 'Cari Penerbangan Lain', 'en': 'Find Other Flights'}, 'link': '', 'scrollTo': '', 'style': 'PRIMARY', 'type': 'searchResultPage', 'eventLabel': 'rescheduleError'}]	TRUE	Let’s find other flights	The airline is currently not responding or there is a problem. You can search for other flights on the date you have selected.	Cari penerbangan lain yuk	Maskapai sedang tidak merespon atau ada gangguan. Kamu bisa cari penerbangan lain pada tanggal yang kamu mau.	flightRescheduleCartFailed	flightRescheduleCartFailed
683428a7ccd5b40001e84009	RESCHEDULE_VALIDATION_ERROR	*	1	https://s-light.tiket.photos/t/01E25EBZS3W0FY9GTG6C42E1SE/original/si/2021/11/29/c7aaba29-ca8c-4220-a526-ff9b70b5cf2d-1638203899235-d592fe55434e3f5e3aa86626d0e04c5c.png	[{'text': {'id': 'Cari Penerbangan Lain', 'en': 'Find Other Flights'}, 'link': '', 'scrollTo': '', 'style': 'PRIMARY', 'type': 'searchResultPage', 'eventLabel': 'rescheduleError'}]	TRUE	Let’s find other flights	The airline is currently not responding or there is a problem. You can search for other flights on the date you have selected.	Cari penerbangan lain yuk	Maskapai sedang tidak merespon atau ada gangguan. Kamu bisa cari penerbangan lain pada tanggal yang kamu mau.	rescheduleValidationError	rescheduleValidationError
683429d0b36d89000110a133	RESCHEDULE_DATA_NOT_MATCH	*	1	https://s-light.tiket.photos/t/01E25EBZS3W0FY9GTG6C42E1SE/original/si/2021/11/29/4aab2b48-b1d3-4cec-8060-6d6aedd356d1-1638203901880-11891ab247291827239d4cab7d56bacd.png	[{'text': {'id': 'Coba Lagi', 'en': 'Try Again'}, 'link': '', 'scrollTo': '', 'style': 'PRIMARY', 'type': 'orderPage', 'eventLabel': 'rescheduleError'}, {'text': {'id': 'Hubungi Customer Care', 'en': 'Contact Customer Care'}, 'link': 'https://www.tiket.com/help-center/contact-us', 'scrollTo': '', 'style': 'SECONDARY', 'type': '', 'eventLabel': 'rescheduleError'}]	TRUE	Sorry, there is a problem	Please try again or contact Customer Care for assistance in submitting a reschedule.	Maaf ya, ada sedikit gangguan	Silakan coba lagi atau hubungi Customer Care untuk bantuan pengajuan reschedule.	rescheduleDataNotMatch	rescheduleDataNotMatch
68342a44e67a600001d61a8e	RESCHEDULE_DATA_NOT_ALLOWED	*	1	https://s-light.tiket.photos/t/01E25EBZS3W0FY9GTG6C42E1SE/original/si/2021/11/29/4aab2b48-b1d3-4cec-8060-6d6aedd356d1-1638203901880-11891ab247291827239d4cab7d56bacd.png	[{'text': {'id': 'Coba Lagi', 'en': 'Try Again'}, 'link': '', 'scrollTo': '', 'style': 'PRIMARY', 'type': 'orderPage', 'eventLabel': 'rescheduleError'}, {'text': {'id': 'Hubungi Customer Care', 'en': 'Contact Customer Care'}, 'link': 'https://www.tiket.com/help-center/contact-us', 'scrollTo': '', 'style': 'SECONDARY', 'type': '', 'eventLabel': 'rescheduleError'}]	TRUE	Sorry, there is a problem	Please try again or contact Customer Care for assistance in submitting a reschedule.	Maaf ya, ada sedikit gangguan	Silakan coba lagi atau hubungi Customer Care untuk bantuan pengajuan reschedule.	rescheduleDataNotAllowed	rescheduleDataNotAllowed
68342b6837372f00012b34b5	UPDATE_RESCHEDULE_FINAL_DATA_FAILED	*	1	https://s-light.tiket.photos/t/01E25EBZS3W0FY9GTG6C42E1SE/original/si/2021/11/29/16bab5ca-5355-4381-92f7-d280cfa9c49e-1638203900966-f63080e28dcd12acbf58a09133d4f812.png	[{'text': {'id': 'Muat ulang', 'en': 'Reload'}, 'link': '', 'scrollTo': '', 'style': 'PRIMARY', 'type': 'Stay', 'eventLabel': 'rescheduleError'}]	TRUE	Let's order again!	Failed to save your order because there was a little problem	Coba pesan lagi yuk!	Pesananmu gagal tersimpan karena ada gangguan.	updateRescheduleFinalDataFailed	updateRescheduleFinalDataFailed
68342bdcf0180d00015e5cf5	RESCHEDULE_LOCK_INVALID	*	1	https://s-light.tiket.photos/t/01E25EBZS3W0FY9GTG6C42E1SE/original/si/2021/11/29/4aab2b48-b1d3-4cec-8060-6d6aedd356d1-1638203901880-11891ab247291827239d4cab7d56bacd.png	[{'text': {'id': 'Coba Lagi', 'en': 'Try Again'}, 'link': '', 'scrollTo': '', 'style': 'PRIMARY', 'type': 'orderPage', 'eventLabel': 'rescheduleError'}, {'text': {'id': 'Hubungi Customer Care', 'en': 'Contact Customer Care'}, 'link': 'https://www.tiket.com/help-center/contact-us', 'scrollTo': '', 'style': 'SECONDARY', 'type': '', 'eventLabel': 'rescheduleError'}]	TRUE	Sorry, there is a problem	Please try again or contact Customer Care for assistance in submitting a reschedule.	Maaf ya, ada sedikit gangguan	Silakan coba lagi atau hubungi Customer Care untuk bantuan pengajuan reschedule.	rescheduleLockInvalid	rescheduleLockInvalid
68342c4c9c440b0001877a2d	RESCHEDULE_REQUEST_ALREADY_USED	*	1	https://s-light.tiket.photos/t/01E25EBZS3W0FY9GTG6C42E1SE/original/si/2021/11/29/4aab2b48-b1d3-4cec-8060-6d6aedd356d1-1638203901880-11891ab247291827239d4cab7d56bacd.png	[{'text': {'id': 'Coba Lagi', 'en': 'Try Again'}, 'link': '', 'scrollTo': '', 'style': 'PRIMARY', 'type': 'orderPage', 'eventLabel': 'rescheduleError'}, {'text': {'id': 'Hubungi Customer Care', 'en': 'Contact Customer Care'}, 'link': 'https://www.tiket.com/help-center/contact-us', 'scrollTo': '', 'style': 'SECONDARY', 'type': '', 'eventLabel': 'rescheduleError'}]	TRUE	Sorry, there is a problem	Please try again or contact Customer Care for assistance in submitting a reschedule.	Maaf ya, ada sedikit gangguan	Silakan coba lagi atau hubungi Customer Care untuk bantuan pengajuan reschedule.	rescheduleRequestAlreadyUsed	rescheduleRequestAlreadyUsed
68342cae2b5d44000176a00c	UPDATE_CREATE_ORDER_RESCHEDULE_REQUEST_LOG_FAILED	*	1	https://s-light.tiket.photos/t/01E25EBZS3W0FY9GTG6C42E1SE/original/si/2021/11/29/16bab5ca-5355-4381-92f7-d280cfa9c49e-1638203900966-f63080e28dcd12acbf58a09133d4f812.png	[{'text': {'id': 'Muat ulang', 'en': 'Reload'}, 'link': '', 'scrollTo': '', 'style': 'PRIMARY', 'type': 'Stay', 'eventLabel': 'rescheduleError'}]	TRUE	Let's order again!	Failed to save your order because there was a little problem	Coba pesan lagi yuk!	Pesananmu gagal tersimpan karena ada gangguan.	updateCreateOrderRescheduleRequestLogFailed	updateCreateOrderRescheduleRequestLogFailed
68342d2038e4cd00015dc1fa	RESCHEDULE_DATA_INVALID	*	1	https://s-light.tiket.photos/t/01E25EBZS3W0FY9GTG6C42E1SE/original/si/2021/11/29/4aab2b48-b1d3-4cec-8060-6d6aedd356d1-1638203901880-11891ab247291827239d4cab7d56bacd.png	[{'text': {'id': 'Coba Lagi', 'en': 'Try Again'}, 'link': '', 'scrollTo': '', 'style': 'PRIMARY', 'type': 'orderPage', 'eventLabel': 'rescheduleError'}, {'text': {'id': 'Hubungi Customer Care', 'en': 'Contact Customer Care'}, 'link': 'https://www.tiket.com/help-center/contact-us', 'scrollTo': '', 'style': 'SECONDARY', 'type': '', 'eventLabel': 'rescheduleError'}]	TRUE	Sorry, there is a problem	Please try again or contact Customer Care for assistance in submitting a reschedule.	Maaf ya, ada sedikit gangguan	Silakan coba lagi atau hubungi Customer Care untuk bantuan pengajuan reschedule.	rescheduleDataInvalid	rescheduleDataInvalid
68342d940d863500012b6c0a	RESCHEDULE_NOT_ALLOWED	*	1	https://s-light.tiket.photos/t/01E25EBZS3W0FY9GTG6C42E1SE/original/si/2021/11/29/4aab2b48-b1d3-4cec-8060-6d6aedd356d1-1638203901880-11891ab247291827239d4cab7d56bacd.png	[{'text': {'id': 'Coba Lagi', 'en': 'Try Again'}, 'link': '', 'scrollTo': '', 'style': 'PRIMARY', 'type': 'orderPage', 'eventLabel': 'rescheduleError'}, {'text': {'id': 'Hubungi Customer Care', 'en': 'Contact Customer Care'}, 'link': 'https://www.tiket.com/help-center/contact-us', 'scrollTo': '', 'style': 'SECONDARY', 'type': '', 'eventLabel': 'rescheduleError'}]	TRUE	Sorry, there is a problem	Please try again or contact Customer Care for assistance in submitting a reschedule.	Maaf ya, ada sedikit gangguan	Silakan coba lagi atau hubungi Customer Care untuk bantuan pengajuan reschedule.	rescheduleNotAllowed	rescheduleNotAllowed
685a7691200fe600019d9f9c	INCLUSIVE_BAGGAGE_CHANGE_SINGLE_SCHEDULE	*	2	https://s-light.tiket.photos/t/01E25EBZS3W0FY9GTG6C42E1SE/rsfit10000gsmenlarge1/string/2025/06/24/5c93bea0-2bce-4c1b-897f-50e8144d1577-1750758833824-4fe1ee7a4c3a505bbd1d6c673602fcb0.png	[{'text': {'id': 'OK, Mengerti', 'en': 'OK, Got It'}, 'link': '', 'scrollTo': '', 'style': 'PRIMARY', 'type': 'paymentPage', 'eventLabel': 'inclusiveBaggageSingleSchedule'}]	TRUE	Baggage allowance has changed	The checked baggage allowance per passenger on %s-%s flight has changed from %s %s to %s %s	Ada perubahan batas bagasi	Batas bagasi per penumpang untuk penerbangan %s-%s berubah dari %s %s menjadi %s %s	inclusiveBaggageSingleSchedule	inclusiveBaggageSingleSchedule
685a77d6200fe600019d9f9d	INCLUSIVE_BAGGAGE_CHANGE_MULTI_SCHEDULE	*	1	https://s-light.tiket.photos/t/01E25EBZS3W0FY9GTG6C42E1SE/rsfit10000gsmenlarge1/string/2025/06/24/5c93bea0-2bce-4c1b-897f-50e8144d1577-1750758833824-4fe1ee7a4c3a505bbd1d6c673602fcb0.png	[{'text': {'id': 'OK, Mengerti', 'en': 'OK, Got It'}, 'link': '', 'scrollTo': '', 'style': 'PRIMARY', 'type': 'paymentPage', 'eventLabel': 'inclusiveBaggageMultiSchedule'}]	TRUE	Baggage allowance has changed	%s-%s from %s %s to %s %s	Ada perubahan batas bagasi	%s-%s dari %s %s menjadi %s %s	inclusiveBaggageMultiSchedule	inclusiveBaggageMultiSchedule
68b53b5279285900018d756a	FARE_ALREADY_SOLD_OUT	*	1	https://s-light.tiket.photos/t/01E25EBZS3W0FY9GTG6C42E1SE/rsfit00gsmenlarge1/string/2024/03/27/e5ad1381-eb3f-4d2f-a495-4e60da19c288-1711525695884-2bba237e0a76fd47eaa77aae903c60f5.png	[{'text': {'id': 'Cek tarif lain', 'en': 'Check other fares'}, 'link': '', 'scrollTo': '', 'style': 'PRIMARY', 'type': 'productReviewPage', 'eventLabel': 'fareAlreadySoldoutPRP'}, {'text': {'id': 'Cari penerbangan lainnya', 'en': 'Find another flight'}, 'link': '', 'scrollTo': '', 'style': 'SECONDARY', 'type': 'searchResultPage', 'eventLabel': 'fareAlreadySoldoutSRP'}]	TRUE	Your ticket fare is sold out	You can check another fare or change to flight with a similar schedule.	Tarif tiket habis terjual	Kamu bisa cek tarif lain atau cari penerbangan lain dengan jadwal serupa.	fareAlreadySoldOut	fareAlreadySoldOut
6908501e7c8d7500019115ac	FARE_ALREADY_SOLDOUT	*	1	https://s-light.tiket.photos/t/01E25EBZS3W0FY9GTG6C42E1SE/rsfit00gsmenlarge1/string/2024/03/27/e5ad1381-eb3f-4d2f-a495-4e60da19c288-1711525695884-2bba237e0a76fd47eaa77aae903c60f5.png	[{'text': {'id': 'Cek tarif lain', 'en': 'Check other fares'}, 'link': '', 'scrollTo': '', 'style': 'PRIMARY', 'type': 'productReviewPage', 'eventLabel': 'fareAlreadySoldoutPRP'}, {'text': {'id': 'Cari penerbangan lainnya', 'en': 'Find another flight'}, 'link': '', 'scrollTo': '', 'style': 'SECONDARY', 'type': 'searchResultPage', 'eventLabel': 'fareAlreadySoldoutSRP'}]	TRUE	Your ticket fare is sold out	You can check another fare or change to flight with a similar schedule.	Tarif tiket habis terjual	Kamu bisa cek tarif lain atau cari penerbangan lain dengan jadwal serupa.	fareAlreadySoldOut	fareAlreadySoldOut
69a052e0cb59640001938564	ADDONS_PRICE_CHANGE_UP	*	1	https://s-light.tiket.photos/t/01E25EBZS3W0FY9GTG6C42E1SE/original/test-discovery/2025/09/09/ee72ee40-dee1-49e7-947a-eaf56285de85-1757373908862-ff6f553fb7b74be6cc948b9a3dcdbdb4.png	[{'text': {'id': 'OK, Mengerti', 'en': 'OK, Got It'}, 'link': '', 'scrollTo': '', 'style': 'PRIMARY', 'type': 'paymentPage', 'eventLabel': 'priceChangeAddons'}]	TRUE	The add-ons price has changed	Your selected add-ons price has increased from {customerCurrency} {searchPrice} to {customerCurrency} {bookingPrice} according to airline policy.	Harga fasilitas ekstra berubah, nih	Harga fasilitas ekstra pilihanmu naik dari {customerCurrency} {searchPrice} menjadi {customerCurrency} {bookingPrice} sesuai kebijakan maskapai penerbangan.	priceChangeAddons	priceChangeAddons
69a053475ab6340001a88d69	ADDONS_PRICE_CHANGE_DOWN	*	1	https://s-light.tiket.photos/t/01E25EBZS3W0FY9GTG6C42E1SE/original/test-discovery/2025/09/09/63f12e16-fad8-4468-9668-e67deccca3e7-1757373908483-0574a2fa7cf7e9b34cc0ac78e0c7f43c.png	[{'text': {'id': 'OK, Mengerti', 'en': 'OK, Got It'}, 'link': '', 'scrollTo': '', 'style': 'PRIMARY', 'type': 'paymentPage', 'eventLabel': 'priceChangeAddons'}]	TRUE	Yay, the add-ons price is more affordable!	Woo-hoo! Your add-ons price has dropped from {customerCurrency} {searchPrice} to {customerCurrency} {bookingPrice} according to airline policies.	Yay, harga fasilitas ekstranya jadi makin hemat!	Hore! Harga fasilitas ekstra pilihanmu turun dari {customerCurrency} {searchPrice} menjadi {customerCurrency} {bookingPrice} sesuai kebijakan maskapai penerbangan.	priceChangeAddons	priceChangeAddons
69a0540dd6064500012ea8b9	BOOKING_WINDOW_CLOSED	*	1	https://s-light.tiket.photos/t/01E25EBZS3W0FY9GTG6C42E1SE/original/test-discovery/2025/09/09/3cb533f5-2d52-4852-97e1-9ac4bf2a39b0-1757373913799-fcb9111cb67da156b6038d47a806701a.png	[{'text': {'id': 'OK, Mengerti', 'en': 'OK, Got It'}, 'link': '', 'scrollTo': '', 'style': 'PRIMARY', 'type': 'bookingFormPage', 'eventLabel': 'general'}]	TRUE	Booking window is closed	Add-ons online booking is closed by the airline. You may try to book it to the airline.	Waktu pemesanan ditutup	Pemesanan online fasilitas ekstra telah ditutup maskapai. Silakan coba pesan langsung melalui maskapai.	general	general